{
  "project_info": {
    "project_number": "1034982586370",
    "firebase_url": "https://wayala-1e8f4.firebaseio.com",
    "project_id": "wayala-1e8f4",
    "storage_bucket": "wayala-1e8f4.appspot.com"
  },
  "client": [
    {
      "client_info": {
        "mobilesdk_app_id": "1:1034982586370:android:da156ac1e5c031766acf1b",
        "android_client_info": {
          "package_name": "com.mobileapp.wayala"
        }
      },
      "oauth_client": [
        {
          "client_id": "1034982586370-rcbtkeeg9p6g10d5qosuk4ufgh4mblt4.apps.googleusercontent.com",
          "client_type": 3
        }
      ],
      "api_key": [
        {
          "current_key": "AIzaSyA1NoLpqxBc8zZfP9wK1Dl00QKxZ6UX8TA"
        }
      ],
      "services": {
        "appinvite_service": {
          "other_platform_oauth_client": [
            {
              "client_id": "1034982586370-rcbtkeeg9p6g10d5qosuk4ufgh4mblt4.apps.googleusercontent.com",
              "client_type": 3
            }
          ]
        }
      }
    }
  ],
  "configuration_version": "1"
}